time,T,RH,P,NOx,SO2,CO,O3,EW,NW,DOY,hour
2020-10-01 00:00:00,10.83,91.1,1015.2,9.392306,0.078348,182.373,7.233403,1.200760978291852,1.4737323298671214,0.7534246575342466,0.0
2020-10-01 00:10:00,10.75,91.6,1015.2,9.609992,0.077157,179.877,6.866313,1.3971466461609077,1.3721481144564285,0.7534246575342466,0.0
2020-10-01 00:20:00,10.75,91.7,1015.2,9.583154,0.1693619999999999,172.05360000000002,6.712376999999999,1.0955620951717369,1.468892699322203,0.7534246575342466,0.0
2020-10-01 00:30:00,10.68,91.7,1015.2,9.067268,0.049158,178.5692,6.661073,1.2227663260068349,1.144664412781102,0.7534246575342466,0.0
2020-10-01 00:40:00,10.6,92.0,1015.15,9.01061,0.04682,181.2862,6.537726999999999,0.9974019406453444,1.6707697914748032,0.7534246575342466,0.0
2020-10-01 00:50:00,10.46,92.0,1015.06,9.52749,0.092328,179.2244,5.9693190000000005,1.200787123354312,1.489694009708794,0.7534246575342466,0.0
2020-10-01 01:00:00,10.37,92.6,1015.04,9.441012,0.077152,178.1376,5.804528,1.1320143675309544,1.207223629145766,0.7534246575342466,0.041666666666666664
2020-10-01 01:10:00,10.35,92.7,1014.96,9.276008,0.1366649999999999,180.9534,5.745331,0.8456307224187928,1.6171924847283887,0.7534246575342466,0.041666666666666664
2020-10-01 01:20:00,10.25,92.5,1014.9,10.072202,0.087645,181.4006,4.8206690000000005,1.1298937471695958,1.6525702756705272,0.7534246575342466,0.041666666666666664
2020-10-01 01:30:00,10.16,92.8,1014.9,10.048346,0.084144,181.7282,5.013114,0.928831734325382,1.76069463919153,0.7534246575342466,0.041666666666666664
2020-10-01 01:40:00,10.21,92.1,1014.85,9.392306,0.079467,178.6784,5.352599,0.6784658133698868,1.7704545608256126,0.7534246575342466,0.041666666666666664
2020-10-01 01:50:00,10.05,92.7,1014.8,8.555358,0.095804,182.7006,5.886494000000001,0.7443635610565937,1.4061294711543535,0.7534246575342466,0.041666666666666664
2020-10-01 02:00:00,10.06,93.4,1014.72,8.405263999999999,0.0712899999999999,180.8598,5.955584,1.1018268053360083,1.5513330076460383,0.7534246575342466,0.08333333333333333
2020-10-01 02:10:00,10.16,93.3,1014.73,7.888383999999999,0.063118,179.98880000000003,6.856582,1.1828902876692498,1.365906968015316,0.7534246575342466,0.08333333333333333
2020-10-01 02:20:00,10.330000000000002,93.6,1014.75,7.556388,0.101624,177.5968,7.803964000000001,1.390760221140426,1.8573775826230248,0.7534246575342466,0.08333333333333333
2020-10-01 02:30:00,10.4,94.0,1014.73,6.708506,0.12846,176.9442,8.874702000000001,1.6432033265124155,1.526920690302841,0.7534246575342466,0.08333333333333333
2020-10-01 02:40:00,10.43,94.5,1014.74,6.24232,0.095782,176.1824,9.400702,1.6836159261763708,1.3912303642136836,0.7534246575342466,0.08333333333333333
2020-10-01 02:50:00,10.5,95.6,1014.72,5.403384,0.071267,176.94940000000005,9.992821,2.453132532677896,1.4427874367924136,0.7534246575342466,0.08333333333333333
2020-10-01 03:00:00,10.5,96.2,1014.65,5.03958,0.051412,178.49380000000002,10.919483,2.3643293225814963,1.1009483469355563,0.7534246575342466,0.125
2020-10-01 03:10:00,10.49,96.8,1014.61,4.889486,0.047918,190.1106,11.367522,2.262467691458453,1.484768722616301,0.7534246575342466,0.125
2020-10-01 03:20:00,10.5,97.0,1014.63,4.862648,0.040915,189.2604,11.651746,1.783497790302651,1.5127064205958898,0.7534246575342466,0.125
2020-10-01 03:30:00,10.51,97.0,1014.6,4.565442,0.0257119999999999,184.8846,12.041563,1.4489933681666554,1.639425849260379,0.7534246575342466,0.125
2020-10-01 03:40:00,10.47,97.0,1014.55,4.356702,0.03039,194.6554,12.01197,2.060903079695494,1.5345995095451888,0.7534246575342466,0.125
2020-10-01 03:50:00,10.47,97.0,1014.39,4.748338,0.0198959999999999,178.7954,12.224157,2.008856633123426,1.9749360004992365,0.7534246575342466,0.125
2020-10-01 04:00:00,10.39,97.0,1014.3,4.779152,0.016388,181.8348,12.754105,2.6619146566404366,1.6796244916907317,0.7534246575342466,0.16666666666666666
2020-10-01 04:10:00,10.330000000000002,97.0,1014.12,5.10419,0.0011949999999999,182.4848,12.041614,2.5201384536194475,1.2113753126444704,0.7534246575342466,0.16666666666666666
2020-10-01 04:20:00,10.26,97.6,1014.13,5.90933,0.002346,181.5098,11.819587,2.143601911625197,1.6673348802332648,0.7534246575342466,0.16666666666666666
2020-10-01 04:30:00,10.13,97.5,1014.1,7.654794,0.023368,178.148,9.855772,1.5305325996894488,1.3737593951836513,0.7534246575342466,0.16666666666666666
2020-10-01 04:40:00,9.98,97.3,1014.1,9.76605,0.1214,179.32580000000002,8.15446,1.6956320935185818,1.7144359179822737,0.7534246575342466,0.16666666666666666
2020-10-01 04:50:00,9.89,97.3,1014.13,10.738182,0.333792,188.678,7.470586,2.3518212158175387,1.358731115582249,0.7534246575342466,0.16666666666666666
2020-10-01 05:00:00,9.89,97.5,1014.16,9.60204,0.294112,184.4478,8.134748,1.185414160313337,1.6471359840209598,0.7534246575342466,0.20833333333333334
2020-10-01 05:10:00,9.76,97.3,1014.1,8.480808,0.137726,179.32840000000002,9.340689,1.9457645302563888,1.2227437325417985,0.7534246575342466,0.20833333333333334
2020-10-01 05:20:00,9.75,97.3,1014.09,8.022574,0.082874,184.5466,8.805829,1.1375136339132483,2.148838325543444,0.7534246575342466,0.20833333333333334
2020-10-01 05:30:00,9.63,97.3,1014.1,10.75508,0.057192,182.919,7.337408999999999,1.009482521767857,1.4593185565846354,0.7534246575342466,0.20833333333333334
2020-10-01 05:40:00,9.53,97.1,1014.13,14.295708,0.0455219999999999,181.84,6.318992,1.718931217567769,1.3853500522773072,0.7534246575342466,0.20833333333333334
2020-10-01 05:50:00,9.43,97.0,1014.22,11.046322,0.01167,179.76780000000002,7.938425,1.7433728200606795,1.4525461755608735,0.7534246575342466,0.20833333333333334
2020-10-01 06:00:00,9.46,97.1,1014.3,15.990478,0.0315089999999999,179.344,5.25815,1.3800233264393804,1.4447736772116655,0.7534246575342466,0.25
2020-10-01 06:10:00,9.4,97.0,1014.34,13.365324,0.0,180.4282,6.583503,1.85852049676538,1.1732096667545238,0.7534246575342466,0.25
2020-10-01 06:20:00,9.4,97.0,1014.44,11.294822,0.009334,186.1768,7.690761,1.7500426198885943,0.9495629699540956,0.7534246575342466,0.25
2020-10-01 06:30:00,9.48,97.0,1014.48,13.432916,0.025665,184.4426,6.430563000000001,1.6145868043750244,1.290161150846577,0.7534246575342466,0.25
2020-10-01 06:40:00,9.55,97.0,1014.49,15.832432,0.007,186.1898,5.736818,1.9247683994820168,1.3245928735847974,0.7534246575342466,0.25
2020-10-01 06:50:00,9.54,97.0,1014.5,15.642578,0.004665,185.4176,6.088150000000001,1.803888474023119,0.986683846384007,0.7534246575342466,0.25
2020-10-01 07:00:00,9.62,97.0,1014.5,13.815606,0.0093239999999999,186.8346,6.751323999999999,1.248215814391657,1.226727747868786,0.7534246575342466,0.2916666666666667
2020-10-01 07:10:00,9.7,97.1,1014.45,14.269864000000002,0.0139889999999999,192.8276,6.7740350000000005,1.1469973950110606,1.0813175019569163,0.7534246575342466,0.2916666666666667
2020-10-01 07:20:00,9.72,97.0,1014.5,17.903928,0.025646,209.1322,5.219755,1.919795076053152,1.5205362002964946,0.7534246575342466,0.2916666666666667
2020-10-01 07:30:00,9.78,97.0,1014.49,14.489538,0.05132,209.2518,6.516488,1.902059958608763,1.0661043691181955,0.7534246575342466,0.2916666666666667
2020-10-01 07:40:00,9.76,96.7,1014.47,15.560076,0.0268069999999999,215.4268,7.122428000000001,2.581361471425443,1.45437491095559,0.7534246575342466,0.2916666666666667
2020-10-01 07:50:00,9.81,96.7,1014.56,14.00546,0.036147,218.8094,8.436928,2.4300415179855324,0.7441951647425185,0.7534246575342466,0.2916666666666667
2020-10-01 08:00:00,9.77,96.1,1014.59,10.373384,0.1003159999999999,207.9128,10.212289,2.9693825721998164,0.444708001737821,0.7534246575342466,0.3333333333333333
2020-10-01 08:10:00,9.74,96.1,1014.59,12.044298,0.1108069999999999,199.3406,8.897814,2.7842429677323337,0.6395324164649985,0.7534246575342466,0.3333333333333333
2020-10-01 08:20:00,9.74,95.9,1014.6,14.369264,0.207667,195.646,7.392872,2.6390371708801825,0.4435029083635038,0.7534246575342466,0.3333333333333333
2020-10-01 08:30:00,9.76,95.4,1014.57,19.6812,0.2788529999999999,206.5114,5.498122,2.693936045645984,1.2506003246141066,0.7534246575342466,0.3333333333333333
2020-10-01 08:40:00,9.85,95.3,1014.49,19.615596,0.362876,195.7526,5.941232,1.7441772972859049,0.8752700587912475,0.7534246575342466,0.3333333333333333
2020-10-01 08:50:00,9.87,94.7,1014.34,19.19911,0.467904,196.7224,5.912625,2.3641810326587107,1.0342527332285003,0.7534246575342466,0.3333333333333333
2020-10-01 09:00:00,9.84,94.2,1014.39,19.446616,0.499411,200.196,6.393235,2.6704687139510708,0.3392619473615939,0.7534246575342466,0.375
2020-10-01 09:10:00,9.92,93.6,1014.4,17.794587999999997,0.446889,193.0382,7.720567,2.499992853400756,0.6738574039683407,0.7534246575342466,0.375
2020-10-01 09:20:00,10.14,92.2,1014.4,19.02516,0.525077,198.7894,7.179779999999999,2.128561981538437,0.6370491428890207,0.7534246575342466,0.375
2020-10-01 09:30:00,10.2,91.6,1014.33,15.294678,0.491231,199.0104,8.429152,2.6627766265764223,1.27169551265569,0.7534246575342466,0.375
2020-10-01 09:40:00,10.29,90.8,1014.4,16.524256,0.453878,194.7724,8.44002,2.7216541753156456,1.2061921906144657,0.7534246575342466,0.375
2020-10-01 09:50:00,10.31,90.7,1014.33,13.524364,0.445706,185.9584,10.685131,2.6077660114811456,1.5088249131559155,0.7534246575342466,0.375
2020-10-01 10:00:00,10.54,89.1,1014.21,10.579142,0.473712,185.74,12.148651,2.854340091361768,1.2577322689365595,0.7534246575342466,0.4166666666666667
2020-10-01 10:10:00,10.55,88.5,1014.25,10.888276,0.469037,184.1098,12.006556,3.25210817144006,0.8754402776837565,0.7534246575342466,0.4166666666666667
2020-10-01 10:20:00,10.65,88.0,1014.2,9.87539,0.3850079999999999,181.5072,12.822702,3.469612196923604,0.4443128784122583,0.7534246575342466,0.4166666666666667
2020-10-01 10:30:00,10.65,87.9,1014.16,12.55919,0.37333,190.0066,11.461837,3.1922311277183204,0.3858702291023458,0.7534246575342466,0.4166666666666667
2020-10-01 10:40:00,10.72,87.3,1014.13,13.363336,0.354657,191.5172,11.717447,3.2018730282436847,0.3240730582364359,0.7534246575342466,0.4166666666666667
2020-10-01 10:50:00,10.85,87.0,1014.14,12.543286,0.386163,199.2288,11.832921,2.9207614260358152,0.5914044927065547,0.7534246575342466,0.4166666666666667
2020-10-01 11:00:00,11.0,86.1,1014.06,14.397096,0.369818,213.6978,11.345428,3.2391333523013834,1.0845658218183585,0.7534246575342466,0.4583333333333333
2020-10-01 11:10:00,11.16,84.8,1013.96,12.634734,0.361646,207.8166,12.434931,2.61103394065107,1.1460894801728307,0.7534246575342466,0.4583333333333333
2020-10-01 11:20:00,11.41,83.7,1013.92,11.387264,0.324297,205.747,13.523451,1.7261399340444108,0.6677202351570977,0.7534246575342466,0.4583333333333333
2020-10-01 11:30:00,11.58,82.5,1013.84,11.602962,0.416489,201.5012,13.836298,2.4676144931054087,1.006306612334607,0.7534246575342466,0.4583333333333333
2020-10-01 11:40:00,11.83,81.1,1013.79,13.265923999999998,0.702415,199.0208,12.851426,2.894591758805585,0.914497810212216,0.7534246575342466,0.4583333333333333
2020-10-01 11:50:00,12.27,79.5,1013.7,13.547226,0.8716329999999999,200.5314,12.088597,2.434445995491465,1.2045120645366,0.7534246575342466,0.4583333333333333
2020-10-01 12:00:00,12.73,77.4,1013.7,12.094992,1.101543,194.151,12.990599,1.9164771933083464,0.6771126687526013,0.7534246575342466,0.5
2020-10-01 12:10:00,12.95,76.4,1013.7,13.572076,1.268428,209.3272,12.610674,2.012045139364517,0.9212433981921422,0.7534246575342466,0.5
2020-10-01 12:20:00,13.3,75.0,1013.68,11.61986,1.364124,199.4472,13.638993,1.8996259138197795,0.7348904474337088,0.7534246575342466,0.5
2020-10-01 12:30:00,13.53,73.1,1013.7,13.474664,1.317439,213.6926,13.514665,2.905285022636064,0.3455604926010184,0.7534246575342466,0.5
2020-10-01 12:40:00,13.96,71.0,1013.7,12.751032,1.119035,206.644,15.151879,2.2450170841803208,0.4701202602654278,0.7534246575342466,0.5
2020-10-01 12:50:00,14.05,70.0,1013.67,13.034322,1.080519,215.133,16.041056,3.244125499108216,0.1866861076270943,0.7534246575342466,0.5
2020-10-01 13:00:00,14.01,69.0,1013.59,12.269936,0.78758,203.0482,16.706215,3.294212737043363,0.8026307791606087,0.7534246575342466,0.5416666666666666
2020-10-01 13:10:00,14.03,68.1,1013.5,13.748014,0.618351,209.9824,16.494054,3.903915707295132,1.4404187353859943,0.7534246575342466,0.5416666666666666
2020-10-01 13:20:00,14.06,67.0,1013.43,11.420066,0.505142,194.762,18.329633,3.4374225546399315,1.4316400507352898,0.7534246575342466,0.5416666666666666
2020-10-01 13:30:00,14.01,67.5,1013.4,10.45688,0.4024339999999999,187.911,18.838867,3.078327164026041,1.000323000711686,0.7534246575342466,0.5416666666666666
2020-10-01 13:40:00,13.95,67.3,1013.4,11.479706,0.355747,192.6092,18.957306,3.717468809127972,0.0280638773745485,0.7534246575342466,0.5416666666666666
2020-10-01 13:50:00,14.0,67.0,1013.33,12.527382,0.335903,208.0506,18.740212,3.180817487568809,-0.015591272984869,0.7534246575342466,0.5416666666666666
2020-10-01 14:00:00,14.19,66.2,1013.3,12.44488,0.352238,217.4184,18.535947,3.5978154822561828,0.9013890489417092,0.7534246575342466,0.5833333333333334
2020-10-01 14:10:00,14.34,65.6,1013.3,12.619824,0.368575,211.3188,18.956364,4.030031062236477,0.5502844202688983,0.7534246575342466,0.5833333333333334
2020-10-01 14:20:00,14.56,65.2,1013.3,13.491561999999998,0.358068,214.47,18.740255,3.221935814397726,0.7152532400109902,0.7534246575342466,0.5833333333333334
2020-10-01 14:30:00,14.93,64.1,1013.21,12.003544,0.421085,209.3376,19.620554,3.5048099999600333,1.183891903143423,0.7534246575342466,0.5833333333333334
2020-10-01 14:40:00,14.93,63.7,1013.2,12.159602,0.3860679999999999,200.3182,20.128804,4.2779325157184855,1.382681937919317,0.7534246575342466,0.5833333333333334
2020-10-01 14:50:00,15.01,63.3,1013.19,12.91703,0.373227,241.5074,19.628480000000003,3.6771739663661775,1.6623720682180665,0.7534246575342466,0.5833333333333334
2020-10-01 15:00:00,15.19,62.4,1013.1,15.052142,0.3615529999999999,202.0524,19.536717000000003,3.552031742208294,0.5565571252614318,0.7534246575342466,0.625
2020-10-01 15:10:00,15.16,59.6,1013.1,13.04128,0.339372,188.3712,23.680578,4.7510756337477416,-0.3010773508818046,0.7534246575342466,0.625
2020-10-01 15:20:00,15.07,58.6,1013.1,15.212176,0.355707,209.5664,22.2753,3.0474609359187173,-0.1148127307527095,0.7534246575342466,0.625
2020-10-01 15:30:00,15.080000000000002,58.6,1013.1,15.20323,0.354537,201.093,22.253603,3.643773580976751,0.159518207692089,0.7534246575342466,0.625
2020-10-01 15:40:00,15.1,58.5,1013.1,15.684326,0.340527,202.822,22.487508,3.175595765493637,0.3678409427534043,0.7534246575342466,0.625
2020-10-01 15:50:00,14.95,59.0,1013.1,11.935952,0.3451929999999999,186.4056,25.001072,2.912292843775065,0.793983196231189,0.7534246575342466,0.625
2020-10-01 16:00:00,14.84,59.9,1013.1,11.253074,0.289167,192.6976,23.871127,2.7736872131875008,0.2906055292851595,0.7534246575342466,0.6666666666666666
2020-10-01 16:10:00,14.72,62.1,1013.2,12.4747,0.268154,203.784,22.713548,2.981116017140508,0.1347100495593339,0.7534246575342466,0.6666666666666666
2020-10-01 16:20:00,14.7,62.2,1013.16,14.206248,0.293826,205.994,21.46123,2.873808809067081,0.1800593079258383,0.7534246575342466,0.6666666666666666
2020-10-01 16:30:00,14.669999999999998,59.8,1013.0,14.937832,0.323,198.7998,22.971154,3.836299291452046,0.6091724804985967,0.7534246575342466,0.6666666666666666
2020-10-01 16:40:00,14.56,59.3,1013.09,11.205362,0.276312,210.0214,25.714661,2.9627335847649787,0.8775000089008012,0.7534246575342466,0.6666666666666666
2020-10-01 16:50:00,14.39,60.9,1013.11,9.558304,0.272808,202.1746,26.700561,3.922490090149446,1.081042817766979,0.7534246575342466,0.6666666666666666
2020-10-01 17:00:00,14.19,62.1,1013.1,7.174692,0.248293,194.7854,28.195682,3.078562027486448,0.658463797132651,0.7534246575342466,0.7083333333333334
2020-10-01 17:10:00,14.02,63.0,1013.1,9.617944,0.209774,199.8866,26.23578,2.7636843647907883,0.9941197166994068,0.7534246575342466,0.7083333333333334
2020-10-01 17:20:00,13.85,64.5,1013.18,8.800875999999999,0.241283,197.1592,26.610805,2.0545579416344326,0.8946246654235468,0.7534246575342466,0.7083333333333334
2020-10-01 17:30:00,13.62,65.7,1013.2,9.649752,0.3054679999999999,200.521,25.269668,2.383331163786224,1.048047030735958,0.7534246575342466,0.7083333333333334
2020-10-01 17:40:00,13.419999999999998,67.0,1013.2,8.262128,0.156074,202.3696,26.081881,2.103751518851809,1.3469763197716216,0.7534246575342466,0.7083333333333334
2020-10-01 17:50:00,13.29,68.1,1013.2,7.605093999999999,0.18058,202.7206,25.971365,2.219254790034003,1.3108339109427578,0.7534246575342466,0.7083333333333334
2020-10-01 18:00:00,13.07,69.5,1013.2,7.671692,0.144394,187.807,25.682228,1.9629310743405104,1.2607254533343355,0.7534246575342466,0.75
2020-10-01 18:10:00,12.919999999999998,70.0,1013.29,7.406294,0.171234,195.7396,25.252957,1.8414527927117832,1.2337487190478558,0.7534246575342466,0.75
2020-10-01 18:20:00,12.830000000000002,70.7,1013.39,8.178632,0.161894,196.829,24.328277,1.7125713596312375,0.979372918054754,0.7534246575342466,0.75
2020-10-01 18:30:00,12.78,71.0,1013.5,9.474808,0.187565,204.8734,23.290107,2.2593423615337924,0.979472823544688,0.7534246575342466,0.75
2020-10-01 18:40:00,12.76,71.6,1013.56,8.17068,0.154882,197.505,24.12304,1.8743472968055617,0.9489930126641516,0.7534246575342466,0.75
2020-10-01 18:50:00,12.65,72.4,1013.6,8.942024,0.2190679999999999,213.3728,22.984209,1.4959330703220748,0.6978837690372812,0.7534246575342466,0.75
2020-10-01 19:00:00,12.61,73.0,1013.68,10.358474,0.188719,217.525,21.502928,1.7139252905412712,0.751398890421291,0.7534246575342466,0.7916666666666666
2020-10-01 19:10:00,12.55,73.7,1013.7,10.623872,0.247072,210.3152,21.283859,2.671633149968977,1.009152600194904,0.7534246575342466,0.7916666666666666
2020-10-01 19:20:00,12.53,74.0,1013.64,11.014514,0.187546,211.8388,20.611814,2.351795311488338,0.4979429537606732,0.7534246575342466,0.7916666666666666
2020-10-01 19:30:00,12.56,74.5,1013.7,11.267984,0.105841,205.5208,20.432218,2.637552765477904,0.6596569264460419,0.7534246575342466,0.7916666666666666
2020-10-01 19:40:00,12.55,75.0,1013.7,11.636758,0.124511,208.1312,19.691092,2.373254858895333,0.6205976399138153,0.7534246575342466,0.7916666666666666
2020-10-01 19:50:00,12.5,75.5,1013.71,12.801726,0.114004,216.0846,18.498966000000003,2.2206324773492616,1.0124701707493808,0.7534246575342466,0.7916666666666666
2020-10-01 20:00:00,12.48,76.2,1013.71,12.451838,0.105828,210.5206,18.63813,2.595270330267682,0.7519867619158846,0.7534246575342466,0.8333333333333334
2020-10-01 20:10:00,12.45,77.0,1013.71,11.22226,0.129167,212.156,18.702289,2.25595316423275,0.868351109480011,0.7534246575342466,0.8333333333333334
2020-10-01 20:20:00,12.41,77.3,1013.77,12.291804,0.144337,213.2506,17.890108,2.581287994501792,0.8429325360192033,0.7534246575342466,0.8333333333333334
2020-10-01 20:30:00,12.41,78.0,1013.8,12.069148,0.136201,217.15320000000003,17.513137,2.47445887153213,0.8801026117250293,0.7534246575342466,0.8333333333333334
2020-10-01 20:40:00,12.5,78.0,1013.8,13.447826,0.147827,226.8304,16.196659,2.9958934967562114,0.5950713004089275,0.7534246575342466,0.8333333333333334
2020-10-01 20:50:00,12.45,78.7,1013.9,13.589968,0.125646,226.1856,15.653895,1.9642315147177487,0.3855938435186626,0.7534246575342466,0.8333333333333334
2020-10-01 21:00:00,12.38,79.1,1013.9,14.63720222222222,0.1033388888888889,222.95177777777772,14.452551111111111,2.205246784225809,0.6914477574609699,0.7534246575342466,0.875
2020-10-01 21:10:00,12.39,79.9,1013.96,14.37821,0.118677,218.3596,13.918008,2.0615580698972504,0.7007732552858983,0.7534246575342466,0.875
2020-10-01 21:20:00,12.29,80.2,1013.94,14.280798,0.185158,225.0988,13.878546,0.8517237696013102,0.6038877773538529,0.7534246575342466,0.875
2020-10-01 21:30:00,12.3,80.7,1013.9,14.878192000000002,0.16648,235.53,13.756187,1.2404344675142196,0.2815242155055311,0.7534246575342466,0.875
2020-10-01 21:40:00,12.53,80.0,1013.9,15.669416000000002,0.211994,240.0904,13.523297,1.4744237011509542,0.96432927641225,0.7534246575342466,0.875
2020-10-01 21:50:00,12.39,80.3,1013.9,15.144584,0.127957,244.8718,13.174943,1.1978379435464332,0.8004199296250001,0.7534246575342466,0.875
2020-10-01 22:00:00,12.32,80.9,1014.02,14.710206,0.1244499999999999,230.6342,13.034821,1.3267633844658615,1.3614196602935558,0.7534246575342466,0.9166666666666666
2020-10-01 22:10:00,12.19,81.3,1014.1,14.137662,0.1057739999999999,236.7208,13.122666,1.8285708761185908,1.3248295999198956,0.7534246575342466,0.9166666666666666
2020-10-01 22:20:00,12.17,82.0,1014.11,14.206248,0.115148,236.2866,13.221366,2.733214038482883,1.6749131545714362,0.7534246575342466,0.9166666666666666
2020-10-01 22:30:00,12.18,81.6,1014.1,16.356270000000002,0.116268,247.9164,10.873598,2.4301400581139965,1.333105002469399,0.7534246575342466,0.9166666666666666
2020-10-01 22:40:00,12.0,82.0,1014.1,18.40888,0.092919,248.5768,9.198878,1.9103726660450768,1.388222850258752,0.7534246575342466,0.9166666666666666
2020-10-01 22:50:00,12.03,82.0,1014.1,16.457658000000002,0.082411,251.5252,10.403867,2.3803686645822584,1.0808295568668072,0.7534246575342466,0.9166666666666666
2020-10-01 23:00:00,12.09,82.0,1014.11,13.525358,0.116255,239.144,13.011214,2.3881673471938853,1.5017403536598355,0.7534246575342466,0.9583333333333334
2020-10-01 23:10:00,12.0,82.6,1014.1,13.601896,0.115083,247.9502,12.73293,2.057487891001571,1.148565261840886,0.7534246575342466,0.9583333333333334
2020-10-01 23:20:00,11.93,83.0,1014.11,13.099926,0.088236,235.3272,12.686558,2.3129478098785192,1.122487487601996,0.7534246575342466,0.9583333333333334
2020-10-01 23:30:00,11.89,83.3,1014.1,15.452724,0.1046149999999999,229.992,10.89736,2.358119547389685,0.8914713806429406,0.7534246575342466,0.9583333333333334
2020-10-01 23:40:00,11.87,83.2,1014.09,14.272845999999998,0.075435,224.00680000000003,11.449037,2.01366910327387,0.1144778787164106,0.7534246575342466,0.9583333333333334
2020-10-01 23:50:00,11.47,85.0,1014.1,12.66853,0.096438,223.57,12.276057,1.8999033170889177,-0.1296336658230324,0.7534246575342466,0.9583333333333334
2020-10-02 00:00:00,11.73,84.8,1014.09,10.597034,0.052998,219.6596,14.289307,3.0167747433010983,0.3747459666005898,0.7561643835616438,0.0
2020-10-02 00:10:00,11.79,84.4,1014.1,9.8406,0.045834,216.8282,13.835355000000002,2.5477063073827457,0.8907610349276351,0.7561643835616438,0.0
2020-10-02 00:20:00,11.74,84.4,1014.1,10.331636,0.050656,212.8138,14.166959,2.3335818736996776,0.0217162413057499,0.7561643835616438,0.0
2020-10-02 00:30:00,11.73,85.0,1014.12,9.443,0.04588,205.7496,15.167671000000002,2.5202931853633723,0.764350235534444,0.7561643835616438,0.0
2020-10-02 00:40:00,11.65,85.4,1014.14,9.7909,0.02238,209.6652,14.639703,3.0512288862106325,0.2627092372835114,0.7561643835616438,0.0
2020-10-02 00:50:00,11.47,86.0,1014.17,8.30487,0.037804,211.1914,15.605874,2.8975442022283944,0.6292672132643917,0.7561643835616438,0.0
2020-10-02 01:00:00,11.53,86.5,1014.2,8.709427999999999,0.051758,209.2154,14.637757,3.0969886187510447,0.7057781792438589,0.7561643835616438,0.041666666666666664
2020-10-02 01:10:00,11.39,87.1,1014.23,8.90127,0.030745,201.9354,15.52399,2.9068615574655787,0.4826327915637382,0.7561643835616438,0.041666666666666664
2020-10-02 01:20:00,11.34,88.0,1014.3,8.253181999999999,0.0599199999999999,202.6946,15.619733,2.886658923962179,0.4179706272031105,0.7561643835616438,0.041666666666666664
2020-10-02 01:30:00,11.28,88.0,1014.33,8.611022,0.0248539999999999,208.893,15.467764,2.890900700958216,0.114478681270333,0.7561643835616438,0.041666666666666664
2020-10-02 01:40:00,11.169999999999998,88.9,1014.38,8.380414,0.0248979999999999,210.6428,14.956574,2.7761343279719943,0.254366165571314,0.7561643835616438,0.041666666666666664
2020-10-02 01:50:00,11.15,89.0,1014.4,8.046429999999999,0.019107,204.9774,14.989155,2.5738199118458747,0.3027774456315867,0.7561643835616438,0.041666666666666664
2020-10-02 02:00:00,11.239999999999998,89.0,1014.33,7.92218,0.040112,195.0948,14.810544000000002,2.781152742545421,0.0375291299732351,0.7561643835616438,0.08333333333333333
2020-10-02 02:10:00,11.39,89.0,1014.3,7.615034,0.029557,198.4592,15.361239,3.1990084052826395,-0.0122251091099026,0.7561643835616438,0.08333333333333333
2020-10-02 02:20:00,11.34,89.0,1014.27,7.347647999999999,0.027265,197.2606,15.636594,2.8047489971155914,0.2612665141039913,0.7561643835616438,0.08333333333333333
2020-10-02 02:30:00,11.38,89.0,1014.2,7.307888,0.030624,195.308,15.735296,2.401691793503727,0.2470925895440492,0.7561643835616438,0.08333333333333333
2020-10-02 02:40:00,11.5,89.0,1014.2,7.755187999999999,0.020118,193.6778,15.890252,2.1886525179127694,0.8047437354840049,0.7561643835616438,0.08333333333333333
2020-10-02 02:50:00,11.48,89.0,1014.14,7.904287999999999,0.027161,200.0894,15.045492,1.781497685291633,1.0343017992416477,0.7561643835616438,0.08333333333333333
2020-10-02 03:00:00,11.42,89.0,1014.1,9.493694,0.0283719999999999,205.6482,13.807951,1.8790614713406817,0.6440308856625552,0.7561643835616438,0.125
2020-10-02 03:10:00,11.24,89.6,1014.1,10.629836,0.121788,194.762,12.57337,2.0980233002333137,0.7972621539014719,0.7561643835616438,0.125
2020-10-02 03:20:00,11.17,90.0,1014.2,11.79381,0.1813509999999999,200.6328,11.229246,2.464234993447693,0.1219783208094111,0.7561643835616438,0.125
2020-10-02 03:30:00,11.05,90.7,1014.3,10.016538,0.112441,204.9878,12.065149,2.846171494632564,0.1460865329506831,0.7561643835616438,0.125
2020-10-02 03:40:00,11.02,91.0,1014.3,9.774002,0.118227,210.0838,12.277345,2.4651357959129414,0.1443106983917186,0.7561643835616438,0.125
2020-10-02 03:50:00,10.93,91.0,1014.29,10.314738,0.07504,206.8234,11.430608,2.8378021410884653,0.4209983405988735,0.7561643835616438,0.125
2020-10-02 04:00:00,10.93,90.9,1014.26,10.987676,0.121767,205.3128,11.387198,2.449265542185059,0.2701283577147814,0.7561643835616438,0.16666666666666666
2020-10-02 04:10:00,10.84,91.0,1014.37,14.419958,0.173159,209.7692,9.490414,2.556364526287177,0.2897477436668214,0.7561643835616438,0.16666666666666666
2020-10-02 04:20:00,10.84,91.0,1014.43,15.060094,0.13464,213.2376,9.258506,2.720599068094004,0.3824166075704381,0.7561643835616438,0.16666666666666666
2020-10-02 04:30:00,10.74,91.0,1014.5,16.141566,0.120626,213.9994,8.767050000000001,2.440754819181851,0.3767258431554148,0.7561643835616438,0.16666666666666666
2020-10-02 04:40:00,10.69,91.0,1014.54,14.960694,0.150972,233.0236,9.255571,2.5202013536859864,0.7003734393432484,0.7561643835616438,0.16666666666666666
2020-10-02 04:50:00,10.61,91.5,1014.53,15.109794,0.169641,224.3292,8.389095000000001,2.7798485597256244,0.948833298760599,0.7561643835616438,0.16666666666666666
2020-10-02 05:00:00,10.57,91.9,1014.5,15.053136,0.159132,220.307,8.235152,2.681682556236165,1.4874581279737162,0.7561643835616438,0.20833333333333334
2020-10-02 05:10:00,10.49,92.0,1014.56,14.903042,0.072758,223.1332,6.958129,2.391171623298928,1.0398267108603831,0.7561643835616438,0.20833333333333334
2020-10-02 05:20:00,10.4,92.1,1014.65,18.325384,0.107766,226.7212,5.596233,1.6171441320595434,0.8943529921562516,0.7561643835616438,0.20833333333333334
2020-10-02 05:30:00,10.4,92.6,1014.7,22.590638,0.166125,234.0012,4.28763,1.7954621305903842,1.0445610917613952,0.7561643835616438,0.20833333333333334
2020-10-02 05:40:00,10.37,93.0,1014.7,24.085614,0.175418,235.7432,3.806038,1.429472599103519,0.8132946327869117,0.7561643835616438,0.20833333333333334
2020-10-02 05:50:00,10.4,93.0,1014.72,26.7883,0.173118,241.8272,3.50702,1.797703318353571,0.7933904215256807,0.7561643835616438,0.20833333333333334
2020-10-02 06:00:00,10.41,92.9,1014.8,26.622302,0.143934,244.448,3.102408,1.9384171327229445,0.9384885420262462,0.7561643835616438,0.25
2020-10-02 06:10:00,10.42,92.7,1014.8,25.323144000000003,0.1719409999999999,235.5248,3.165576,1.2094025571973028,1.1709273460179404,0.7561643835616438,0.25
2020-10-02 06:20:00,10.37,92.5,1014.86,23.877868,0.142759,233.1354,3.031371,1.3623865302136235,1.4326021094413526,0.7561643835616438,0.25
2020-10-02 06:30:00,10.330000000000002,93.0,1014.91,29.11426,0.192941,237.1602,2.462932,2.068412248942004,1.1336650526781409,0.7561643835616438,0.25
2020-10-02 06:40:00,10.34,93.0,1015.0,33.021674000000004,0.233792,259.55920000000003,2.2053640000000003,1.690730213519834,1.139840370294506,0.7561643835616438,0.25
2020-10-02 06:50:00,10.35,93.0,1015.11,28.49798,0.2104419999999999,251.5044,2.908042,1.6513279758949722,0.5866024848597876,0.7561643835616438,0.25
2020-10-02 07:00:00,10.4,93.0,1015.19,28.729582,0.285138,235.7432,3.250502,1.7567968378237278,0.8746246855254867,0.7561643835616438,0.2916666666666667
2020-10-02 07:10:00,10.42,93.0,1015.17,27.01195,0.234944,244.8692,3.3709130000000003,1.9268888007105407,0.9739025646947284,0.7561643835616438,0.2916666666666667
2020-10-02 07:20:00,10.47,93.0,1015.25,26.489106,0.182417,236.6194,3.979839,1.8847381662382632,0.789726300033739,0.7561643835616438,0.2916666666666667
2020-10-02 07:30:00,10.55,93.0,1015.35,25.433478,0.174242,231.175,4.487112,2.101314862749065,0.8509973820742388,0.7561643835616438,0.2916666666666667
2020-10-02 07:40:00,10.58,92.9,1015.41,25.558722,0.230262,232.488,4.6519330000000005,1.7959288546873222,0.9493132768445052,0.7561643835616438,0.2916666666666667
2020-10-02 07:50:00,10.55,92.8,1015.49,27.088488,0.224424,237.8232,4.646024,2.5373308155910927,0.7299975333875007,0.7561643835616438,0.2916666666666667
2020-10-02 08:00:00,10.62,92.5,1015.5,23.862958,0.23959,237.8128,5.456274,2.340970416832481,0.8423565124500547,0.7561643835616438,0.3333333333333333
2020-10-02 08:10:00,10.72,92.0,1015.52,23.482256,0.244257,227.9354,5.579647,2.747367161779821,0.4881704382447059,0.7561643835616438,0.3333333333333333
2020-10-02 08:20:00,10.88,92.0,1015.6,26.499046,0.202233,232.0564,5.337867,2.35330420371866,0.9158368224512834,0.7561643835616438,0.3333333333333333
2020-10-02 08:30:00,11.06,92.0,1015.6,23.290414,0.09251,224.8908,6.240889,2.6732064891989102,0.5222606334687527,0.7561643835616438,0.3333333333333333
2020-10-02 08:40:00,11.3,91.8,1015.68,22.22584,0.211563,223.7052,7.138974,2.58939010785165,0.6539940754739438,0.7561643835616438,0.3333333333333333
2020-10-02 08:50:00,11.55,91.0,1015.7,22.525034,0.342287,240.34520000000003,7.965018000000001,2.504985777919976,0.7899225115803497,0.7561643835616438,0.3333333333333333
2020-10-02 09:00:00,11.7,90.7,1015.8,20.896862,0.303761,259.47860000000003,8.497954,2.489794952570727,0.5823084110695346,0.7561643835616438,0.375
2020-10-02 09:10:00,11.8,90.2,1015.95,19.659332,0.28275,239.989,8.974634,2.419514599365124,0.6901487398802353,0.7561643835616438,0.375
2020-10-02 09:20:00,12.04,89.5,1016.03,23.03098,0.253565,249.882,8.053874,2.560139404508356,0.7018686908624672,0.7561643835616438,0.375
2020-10-02 09:30:00,12.39,88.8,1016.1,19.067902,0.1321429999999999,236.7182,11.039248,2.9519296643682416,-0.055285163625039,0.7561643835616438,0.375
2020-10-02 09:40:00,12.75,88.1,1016.1,15.170428,0.164847,239.4534,12.786067,2.904192734350128,0.8566992101219741,0.7561643835616438,0.375
2020-10-02 09:50:00,12.77,88.0,1016.2,16.249912000000002,0.1601739999999999,235.0932,12.505802,2.5277024031035658,0.6396285928193187,0.7561643835616438,0.375
2020-10-02 10:00:00,13.05,86.8,1016.23,17.553046000000002,0.18468,243.681,12.410084,2.388520415369689,-0.3473363417208148,0.7561643835616438,0.4166666666666667
2020-10-02 10:10:00,13.330000000000002,85.2,1016.3,16.999388,0.20102,237.6256,13.249950000000002,2.843850553165267,-0.3674232140995453,0.7561643835616438,0.4166666666666667
2020-10-02 10:20:00,13.68,83.2,1016.3,14.270858,0.233698,253.8028,15.028353,2.230926329506412,-0.6566056162258331,0.7561643835616438,0.4166666666666667
2020-10-02 10:30:00,13.8,79.8,1016.39,10.95388,0.278046,251.83980000000005,19.502962,3.199747789833389,-1.0722010028976938,0.7561643835616438,0.4166666666666667
2020-10-02 10:40:00,13.919999999999998,78.2,1016.41,9.817738,0.304888,241.5048,20.627054,2.6411084548392005,-0.4989304964441567,0.7561643835616438,0.4166666666666667
2020-10-02 10:50:00,14.27,73.9,1016.4,9.958886,0.35741,238.5772,22.158736,2.88806744267083,-0.7407655945673198,0.7561643835616438,0.4166666666666667
2020-10-02 11:00:00,14.36,71.3,1016.49,10.165638,0.4157669999999999,242.9192,21.870579,3.8468858138460575,-1.2364599349893193,0.7561643835616438,0.4583333333333333
2020-10-02 11:10:00,14.22,71.7,1016.49,8.736266,0.488131,255.7554,23.633195,2.9299807189188947,-0.6861172884880414,0.7561643835616438,0.4583333333333333
2020-10-02 11:20:00,14.16,70.7,1016.49,8.171674,0.5196419999999999,256.4184,24.99612,3.2829097186516827,-1.1910334998391543,0.7561643835616438,0.4583333333333333
2020-10-02 11:30:00,14.080000000000002,70.9,1016.5,7.747235999999999,0.4566079999999999,239.7732,25.624792000000003,3.3897801335091264,-1.3617623951346285,0.7561643835616438,0.4583333333333333
2020-10-02 11:40:00,14.19,71.1,1016.5,9.817738,0.364393,245.8936,24.161236,2.874141712640588,-0.4467342285239134,0.7561643835616438,0.4583333333333333
2020-10-02 11:50:00,14.179999999999998,70.7,1016.5,9.342606,0.3293709999999999,226.9578,24.943864,2.8291074848756006,-0.9114015150359144,0.7561643835616438,0.4583333333333333
2020-10-02 12:00:00,14.37,68.9,1016.5,8.769068,0.325866,221.0896,25.610039,3.5216265595012883,-0.7329562264321206,0.7561643835616438,0.5
2020-10-02 12:10:00,14.79,67.2,1016.6,7.198548,0.315355,210.6402,26.297924,2.773205014692996,-0.2269817925189624,0.7561643835616438,0.5
2020-10-02 12:20:00,14.89,66.4,1016.55,6.724410000000001,0.30368,202.2708,27.175297,3.440833543936716,-1.115063338154442,0.7561643835616438,0.5
2020-10-02 12:30:00,14.86,66.2,1016.53,8.93606,0.223136,189.2214,26.789438,4.319218112362676,-0.646459013920806,0.7561643835616438,0.5
2020-10-02 12:40:00,14.95,64.6,1016.49,7.34069,0.2803259999999999,185.0952,27.747734,4.393173011245263,0.1819767452004622,0.7561643835616438,0.5
2020-10-02 12:50:00,14.95,63.3,1016.4,7.829738000000001,0.27799,176.9624,27.691499,4.488314105922526,-1.209023674096315,0.7561643835616438,0.5
2020-10-02 13:00:00,14.88,63.2,1016.4,6.358618,0.254639,173.923,29.19457,3.767525333086825,-2.093171583043465,0.7561643835616438,0.5416666666666666
2020-10-02 13:10:00,14.78,62.6,1016.4,6.368558,0.247631,178.2624,28.864962,3.701085187353893,-0.6691466760767353,0.7561643835616438,0.5416666666666666
2020-10-02 13:20:00,14.64,62.0,1016.38,7.913234,0.242957,181.5384,28.209675,4.335155960852603,-0.5354865621892648,0.7561643835616438,0.5416666666666666
2020-10-02 13:30:00,14.64,62.4,1016.41,7.433132,0.217274,173.923,28.865984,3.434653754863388,-1.1488258006880554,0.7561643835616438,0.5416666666666666
2020-10-02 13:40:00,14.73,60.5,1016.47,7.723380000000001,0.253456,173.27040000000002,29.416694,4.060034924598064,-1.084821473600646,0.7561643835616438,0.5416666666666666
2020-10-02 13:50:00,14.6,61.4,1016.5,7.68859,0.204427,174.0114,29.52626,4.21164507224734,-1.384680954443387,0.7561643835616438,0.5416666666666666
2020-10-02 14:00:00,14.51,62.1,1016.48,6.875498,0.199754,156.07139999999998,30.43719,3.879512309162935,-0.5626879635932257,0.7561643835616438,0.5833333333333334
2020-10-02 14:10:00,14.48,62.8,1016.48,7.388402000000001,0.191578,172.28760000000003,30.91783,4.601069815010187,-1.138452674625621,0.7561643835616438,0.5833333333333334
2020-10-02 14:20:00,14.45,63.0,1016.47,6.308918,0.253438,168.3902,31.768561,3.43296899381386,-0.9997204631626636,0.7561643835616438,0.5833333333333334
2020-10-02 14:30:00,14.37,64.2,1016.43,5.61113,0.228921,175.015,32.442634,4.313042740599268,-1.2554930178370456,0.7561643835616438,0.5833333333333334
2020-10-02 14:40:00,14.37,64.0,1016.39,6.9083,0.226583,181.97,30.917885,5.575678854464988,0.1914645483276406,0.7561643835616438,0.5833333333333334
2020-10-02 14:50:00,14.320000000000002,64.1,1016.33,5.886468,0.179889,173.598,31.808092,4.208274169917179,0.0193162922935581,0.7561643835616438,0.5833333333333334
2020-10-02 15:00:00,14.31,64.9,1016.3,6.374522,0.202061,182.5082,31.629482000000003,3.7361589041722687,0.1919909216425345,0.7561643835616438,0.625
2020-10-02 15:10:00,14.320000000000002,65.0,1016.27,6.385456,0.204394,179.2452,31.509095,4.111232653461303,0.1290309867023253,0.7561643835616438,0.625
2020-10-02 15:20:00,14.36,64.7,1016.29,6.800948,0.192714,172.1706,30.928815,3.0778193790552626,-0.6682140042580091,0.7561643835616438,0.625
2020-10-02 15:30:00,14.320000000000002,64.9,1016.23,5.702578,0.193879,165.3144,32.36577,3.145248590832287,-0.4388650911759532,0.7561643835616438,0.625
2020-10-02 15:40:00,14.330000000000002,63.4,1016.25,6.375516,0.192708,167.9326,31.769696,3.778759357463808,-0.0977304609244372,0.7561643835616438,0.625
2020-10-02 15:50:00,14.38,61.4,1016.24,7.871486,0.183366,175.4388,29.885708,3.6806133358756425,-0.1992756876386762,0.7561643835616438,0.625
2020-10-02 16:00:00,14.48,60.2,1016.21,8.40427,0.189199,171.7572,29.874871,3.996954539477756,-0.3807057845920814,0.7561643835616438,0.6666666666666666
2020-10-02 16:10:00,14.5,60.0,1016.27,9.57719,0.220708,190.563,28.238595,4.346348241915544,-0.2040870719769763,0.7561643835616438,0.6666666666666666
2020-10-02 16:20:00,14.43,61.5,1016.3,10.005604,0.219538,196.296,27.676077,3.4740641326884507,0.0460182199969741,0.7561643835616438,0.6666666666666666
2020-10-02 16:30:00,14.34,62.6,1016.3,13.098932,0.193852,180.3138,24.837747,3.260190002985204,0.3114542480660417,0.7561643835616438,0.6666666666666666
2020-10-02 16:40:00,14.29,63.0,1016.31,15.001448,0.1646679999999999,187.9266,23.535042,4.232988108527047,-0.3123342119125231,0.7561643835616438,0.6666666666666666
2020-10-02 16:50:00,14.21,62.9,1016.33,13.812624,0.155326,189.5464,24.730208,3.6583696163216,0.6704743560414694,0.7561643835616438,0.6666666666666666
2020-10-02 17:00:00,14.12,63.3,1016.4,12.79775,0.1191349999999999,191.72,24.743054,4.14655477828709,1.0371276357168948,0.7561643835616438,0.7083333333333334
2020-10-02 17:10:00,14.01,64.1,1016.39,12.401144,0.178663,183.894,24.821035,3.843448605987195,0.7414694979447526,0.7561643835616438,0.7083333333333334
2020-10-02 17:20:00,13.9,64.8,1016.4,12.883233999999998,0.1739879999999999,185.5346,24.139097,3.359741786788658,0.4197211673078534,0.7561643835616438,0.7083333333333334
2020-10-02 17:30:00,13.830000000000002,65.1,1016.44,13.067124000000002,0.187991,191.0986,23.668358,3.727151451813556,0.1079977069271397,0.7561643835616438,0.7083333333333334
2020-10-02 17:40:00,13.72,65.8,1016.53,14.231098,0.150635,201.2256,22.480133,3.302642495747263,0.2363372751049496,0.7561643835616438,0.7083333333333334
2020-10-02 17:50:00,13.63,66.0,1016.6,13.915006,0.191486,225.1326,21.995578,3.2463399545838065,0.0433629500245007,0.7561643835616438,0.7083333333333334
2020-10-02 18:00:00,13.43,67.3,1016.65,11.812696,0.141288,197.1878,23.866775,3.652747042538396,1.3387028138339074,0.7561643835616438,0.75
2020-10-02 18:10:00,13.26,68.8,1016.66,12.068154,0.126107,203.0326,22.818691,3.1350694427039154,0.3244056041122553,0.7561643835616438,0.75
2020-10-02 18:20:00,13.169999999999998,70.0,1016.77,13.714218,0.152951,209.3324,21.206097,3.19233661097511,0.5058960196521849,0.7561643835616438,0.75
2020-10-02 18:30:00,13.1,70.5,1016.82,14.803642,0.169288,210.5336,20.822203,3.545790693904609,0.7379782583323082,0.7561643835616438,0.75
2020-10-02 18:40:00,13.0,71.0,1016.85,14.751954,0.130764,226.079,20.903146,3.143877400387902,0.7392035026379815,0.7561643835616438,0.75
2020-10-02 18:50:00,12.91,71.9,1016.9,14.578004000000002,0.119087,215.4164,20.371215,3.0673789394080293,0.3956436136418312,0.7561643835616438,0.75
2020-10-02 19:00:00,12.85,72.0,1016.9,15.341396,0.087565,221.18580000000003,19.388266,3.548391238233644,0.236452132026982,0.7561643835616438,0.7916666666666666
2020-10-02 19:10:00,12.74,72.8,1016.93,15.1088,0.0805599999999999,225.9594,19.522501,3.7471802154918143,0.3344640326994817,0.7561643835616438,0.7916666666666666
2020-10-02 19:20:00,12.78,73.0,1016.99,17.0471,0.084055,242.7112,17.766797,3.1787523212053426,0.8451790750281717,0.7561643835616438,0.7916666666666666
2020-10-02 19:30:00,12.7,73.0,1017.0,18.217038,0.063041,238.026,16.820364,3.174341701872365,0.909403491991182,0.7561643835616438,0.7916666666666666
2020-10-02 19:40:00,12.72,73.4,1017.0,16.298617999999998,0.04319,224.5502,17.591156,3.130677051535,0.6436271696866513,0.7561643835616438,0.7916666666666666
2020-10-02 19:50:00,12.8,73.7,1017.13,19.699092,0.05603,253.81840000000005,15.227511000000002,3.106636280978875,0.4252956957165561,0.7561643835616438,0.7916666666666666
2020-10-02 20:00:00,12.91,74.0,1017.18,18.878048,0.074702,243.499,15.976593,3.646664772658602,0.5102998539563589,0.7561643835616438,0.8333333333333334
2020-10-02 20:10:00,13.16,73.3,1017.2,18.053028,0.057189,247.4042,16.512502,3.81278107208476,0.5853623713841031,0.7561643835616438,0.8333333333333334
2020-10-02 20:20:00,13.22,73.0,1017.24,18.809462,0.103871,249.9938,15.724959000000002,3.427678503042526,0.8055983600466268,0.7561643835616438,0.8333333333333334
2020-10-02 20:30:00,13.23,73.4,1017.36,20.354138,0.106206,257.7106,14.249536,2.6733547261177355,-0.4826291096323237,0.7561643835616438,0.8333333333333334
2020-10-02 20:40:00,13.26,74.7,1017.4,21.12747,0.1120369999999999,250.961,13.737341,3.1345251413954096,0.1802021658816771,0.7561643835616438,0.8333333333333334
2020-10-02 20:50:00,13.63,74.1,1017.4,17.977484,0.113201,239.6562,17.400783999999998,3.138634968452964,0.1365016406149519,0.7561643835616438,0.8333333333333334
2020-10-02 21:00:00,13.57,75.1,1017.47,15.592878000000002,0.117863,222.5924,18.547595,3.535724778504361,-0.0411091238201211,0.7561643835616438,0.875
2020-10-02 21:10:00,13.6,76.1,1017.5,15.334438,0.123695,221.945,18.932507,3.370507636639237,-0.2019847503011798,0.7561643835616438,0.875
2020-10-02 21:20:00,13.5,77.1,1017.6,14.063112,0.135365,214.1086,19.332224,2.559779928614742,-0.3414533078126253,0.7561643835616438,0.875
2020-10-02 21:30:00,13.41,78.2,1017.61,14.694302,0.133024,213.90320000000003,18.424275,2.435754295621222,0.0448437933378842,0.7561643835616438,0.875
2020-10-02 21:40:00,13.35,79.0,1017.64,14.819546,0.113177,215.6296,18.40159,2.657679868140171,-0.3355522563508067,0.7561643835616438,0.875
2020-10-02 21:50:00,13.320000000000002,80.0,1017.69,13.365324,0.1061699999999999,214.4336,18.745053,2.818388494340849,-0.1285910197452652,0.7561643835616438,0.875
2020-10-02 22:00:00,13.3,79.8,1017.65,12.660578,0.109666,211.61,19.078646,2.191979107024804,-0.250785010173478,0.7561643835616438,0.9166666666666666
2020-10-02 22:10:00,13.330000000000002,79.4,1017.66,10.505586,0.108502,201.2828,20.960715,2.6368989278453165,-0.432167871325341,0.7561643835616438,0.9166666666666666
2020-10-02 22:20:00,13.37,79.0,1017.61,8.520568,0.154014,200.8512,22.734221,2.7320644544313093,-0.6631211022555291,0.7561643835616438,0.9166666666666666
2020-10-02 22:30:00,13.39,78.5,1017.6,7.722386,0.166852,200.7654,23.415208,2.955580819282132,-0.2079531335558277,0.7561643835616438,0.9166666666666666
2020-10-02 22:40:00,13.4,78.2,1017.59,7.000742,0.213539,205.2426,23.953096,2.7516458974476543,-0.1920391747108276,0.7561643835616438,0.9166666666666666
2020-10-02 22:50:00,13.27,78.9,1017.51,9.559298,0.20653,207.3902,21.798669,2.4213958247127243,-0.1527872631231017,0.7561643835616438,0.9166666666666666
2020-10-02 23:00:00,13.24,79.0,1017.51,8.894312,0.235711,211.844,22.101669,2.2093332611988905,-0.1354298538197341,0.7561643835616438,0.9583333333333334
2020-10-02 23:10:00,13.29,78.1,1017.5,9.1448,0.267223,205.4246,22.02668,2.594198076856345,0.3650371687036582,0.7561643835616438,0.9583333333333334
2020-10-02 23:20:00,13.19,77.7,1017.57,7.539490000000001,0.28006,194.0028,22.816231,1.5636266186783965,0.9036662071286384,0.7561643835616438,0.9583333333333334
2020-10-02 23:30:00,12.56,80.1,1017.53,7.77308,0.241533,200.7394,21.495749,1.310504152591296,1.066822792845756,0.7561643835616438,0.9583333333333334
2020-10-02 23:40:00,12.46,81.2,1017.5,7.438101999999999,0.192502,209.3246,21.184883,2.16694322314729,1.326593843033238,0.7561643835616438,0.9583333333333334
2020-10-02 23:50:00,12.41,81.0,1017.53,7.473886,0.134133,201.1736,21.397088,1.7923296132872115,0.5183769245299168,0.7561643835616438,0.9583333333333334
2020-10-03 00:00:00,12.31,81.8,1017.51,7.391383999999999,0.140205,201.8262,20.876997,1.4692407523634343,0.6948830515508052,0.7589041095890411,0.0
2020-10-03 00:10:00,11.830000000000002,83.4,1017.55,7.498735999999999,0.119188,208.2378,18.59229,1.9107587055310151,0.5037526585816731,0.7589041095890411,0.0
2020-10-03 00:20:00,11.89,84.0,1017.57,7.66374,0.047976,198.3474,19.044314,2.328581482623011,0.8174035857096531,0.7589041095890411,0.0
2020-10-03 00:30:00,11.78,84.8,1017.5,7.714434,0.070142,193.891,18.847932,1.543414328364394,0.753462052124384,0.7589041095890411,0.0
2020-10-03 00:40:00,11.61,85.2,1017.5,7.089207999999999,0.043286,187.5886,18.4137,0.7528410025789338,0.748816636115418,0.7589041095890411,0.0
2020-10-03 00:50:00,11.52,86.0,1017.5,6.9818560000000005,0.026942,185.8518,18.175867,0.7731673945957167,1.2229034284437723,0.7589041095890411,0.0
2020-10-03 01:00:00,11.37,86.3,1017.5,6.816852,0.010585,185.4176,18.177855,1.4155162952302824,1.2083696634573236,0.7589041095890411,0.041666666666666664
2020-10-03 01:10:00,11.330000000000002,86.7,1017.41,7.081256000000001,0.0211069999999999,189.224,18.034767,1.4281988314739875,1.282561795367958,0.7589041095890411,0.041666666666666664
2020-10-03 01:20:00,11.31,87.0,1017.4,7.224392,0.015246,185.0952,18.036756,1.1269100932206542,1.2712690505592528,0.7589041095890411,0.041666666666666664
2020-10-03 01:30:00,11.37,87.0,1017.35,6.758206,0.0257589999999999,181.6138,18.492727,0.9721137295769172,1.2419112934237924,0.7589041095890411,0.041666666666666664
2020-10-03 01:40:00,11.4,86.9,1017.34,7.015652,0.0304299999999999,189.4398,18.356548,1.520203968932446,1.3749908489665903,0.7589041095890411,0.041666666666666664
2020-10-03 01:50:00,11.4,86.9,1017.4,6.69956,0.033929,180.7454,18.651654,1.5086188535626308,0.9393900049231868,0.7589041095890411,0.041666666666666664
2020-10-03 02:00:00,11.42,87.0,1017.38,7.064358,0.039738,187.70300000000003,18.418755,2.454228235471548,0.5892945254928958,0.7589041095890411,0.08333333333333333
2020-10-03 02:10:00,11.39,87.0,1017.21,7.581238000000001,0.029236,185.4176,18.03979,2.594401787054532,0.7453587777934881,0.7589041095890411,0.08333333333333333
2020-10-03 02:20:00,11.3,87.1,1017.2,7.131950000000001,0.024569,180.1032,18.181921,2.013320208519217,1.325546243759818,0.7589041095890411,0.08333333333333333
2020-10-03 02:30:00,11.2,88.0,1017.2,7.016646,0.061923,181.2966,18.551046,2.0138302087479643,1.4550078518423577,0.7589041095890411,0.08333333333333333
2020-10-03 02:40:00,11.169999999999998,87.6,1017.2,6.849653999999999,0.070087,183.7874,18.283604,2.2078399039600014,1.5804064618995026,0.7589041095890411,0.08333333333333333
2020-10-03 02:50:00,11.11,88.0,1017.2,6.9083,0.0350599999999999,184.6662,18.023072,1.886196448047968,1.719808640885087,0.7589041095890411,0.08333333333333333
2020-10-03 03:00:00,10.97,88.2,1017.19,7.110082,0.042061,186.2002,17.785236,1.9054382922923625,1.3073279637898128,0.7589041095890411,0.125
2020-10-03 03:10:00,10.96,88.4,1017.07,7.1568,0.0187059999999999,189.913,17.647081,1.4588177962902222,0.8505317477144384,0.7589041095890411,0.125
2020-10-03 03:20:00,10.9,89.0,1017.0,7.241290000000001,0.040884,199.377,17.570117,2.115620338413161,1.0852484835093947,0.7589041095890411,0.125
2020-10-03 03:30:00,10.95,89.0,1016.95,7.348642,0.037383,213.9344,17.512890000000002,1.858185447687721,0.7366450015983605,0.7589041095890411,0.125
2020-10-03 03:40:00,10.88,89.0,1016.81,7.283038,0.0268719999999999,202.2838,17.754697999999998,1.4132688288508666,1.25622318827747,0.7589041095890411,0.125
2020-10-03 03:50:00,10.81,89.0,1016.8,6.725404,0.045548,194.0106,17.793205,1.5992917369322714,1.6579656395547755,0.7589041095890411,0.125
2020-10-03 04:00:00,10.77,89.0,1016.8,6.069364,0.016356,200.0998,18.151473,1.545716039975542,1.4918757908515787,0.7589041095890411,0.16666666666666666
2020-10-03 04:10:00,10.78,89.0,1016.86,6.508712,0.023355,224.0042,17.768562,2.068957910169098,1.1522127520753145,0.7589041095890411,0.16666666666666666
2020-10-03 04:20:00,10.68,89.1,1016.9,6.3417200000000005,0.028024,190.3082,17.498158,2.1033705580331343,1.422335114223933,0.7589041095890411,0.16666666666666666
2020-10-03 04:30:00,10.6,89.6,1016.88,6.9748980000000005,0.007005,188.7872,16.879369,1.8857583862962204,1.1505232873745204,0.7589041095890411,0.16666666666666666
2020-10-03 04:40:00,10.51,89.7,1016.8,7.0325500000000005,0.0,191.0674,16.305975,1.4110875083983123,0.8820959980454077,0.7589041095890411,0.16666666666666666
2020-10-03 04:50:00,10.45,89.5,1016.79,7.573286,0.009337,199.0,15.615143,1.4145767226645372,0.6806194210048131,0.7589041095890411,0.16666666666666666
2020-10-03 05:00:00,10.42,89.7,1016.76,8.24523,0.0070019999999999,198.5658,14.84535,2.169983750262724,0.9899722113659044,0.7589041095890411,0.20833333333333334
2020-10-03 05:10:00,10.4,90.0,1016.67,8.918168,0.009333,199.4446,14.354861,1.8838858265375693,1.1888513575646384,0.7589041095890411,0.20833333333333334
2020-10-03 05:20:00,10.37,90.0,1016.66,8.669668,0.015166,200.3104,14.213742,2.687499707676577,0.9778959701490112,0.7589041095890411,0.20833333333333334
2020-10-03 05:30:00,10.330000000000002,90.5,1016.75,9.443,0.023338,205.8822,13.404475,3.5712744884366137,0.7589070484042961,0.7589041095890411,0.20833333333333334
2020-10-03 05:40:00,10.3,91.0,1016.63,9.823702,0.012833,198.792,13.053141,3.43953410527243,1.457808129355312,0.7589041095890411,0.20833333333333334
2020-10-03 05:50:00,10.25,91.0,1016.6,9.791894,0.0081619999999999,205.6404,12.794576,2.646690582417869,0.948328964801933,0.7589041095890411,0.20833333333333334
2020-10-03 06:00:00,10.36,91.0,1016.6,10.289888,0.037333,205.0918,12.205394,2.5049499816466403,1.3974633946151107,0.7589041095890411,0.25
2020-10-03 06:10:00,10.43,91.0,1016.6,9.735236,0.022156,206.8468,12.955474,2.785006750333777,0.9507798321850608,0.7589041095890411,0.25
2020-10-03 06:20:00,10.51,91.0,1016.6,9.235254,0.033821,210.8612,13.016676999999998,2.422084914430522,1.580742860620047,0.7589041095890411,0.25
2020-10-03 06:30:00,10.59,91.0,1016.62,9.808792,0.043152,210.8456,12.596258,3.112442402919198,1.025711588361395,0.7589041095890411,0.25
2020-10-03 06:40:00,10.61,91.0,1016.62,10.390282,0.1225179999999999,205.8484,12.458099,2.902329010628608,0.8937566490836915,0.7589041095890411,0.25
2020-10-03 06:50:00,10.72,91.0,1016.6,10.398234,0.0653189999999999,213.2376,12.830187,3.015358102787178,0.6760517603068013,0.7589041095890411,0.25
2020-10-03 07:00:00,10.89,91.0,1016.65,10.298834,0.058318,206.8286,13.071012,3.0937806312390768,0.3903701244795249,0.7589041095890411,0.2916666666666667
2020-10-03 07:10:00,11.06,91.0,1016.7,9.933042,0.04896,201.1788,14.19514,3.122371570077837,0.5009671326107933,0.7589041095890411,0.2916666666666667
2020-10-03 07:20:00,11.21,90.6,1016.71,9.659692,0.025626,206.8234,14.388594,3.507171853934693,0.6663295894419294,0.7589041095890411,0.2916666666666667
2020-10-03 07:30:00,11.38,90.0,1016.68,9.957892,0.040798,195.6512,15.125846,3.282341071898931,0.9055765700745196,0.7589041095890411,0.2916666666666667
2020-10-03 07:40:00,11.57,89.5,1016.6,8.868468,0.029144,201.951,16.496710999999998,4.101513698680303,0.7116385623399812,0.7589041095890411,0.2916666666666667
2020-10-03 07:50:00,11.83,88.8,1016.6,8.63786,0.037305,196.5326,17.898173,3.992208002170431,0.4954613821560906,0.7589041095890411,0.2916666666666667
2020-10-03 08:00:00,12.11,87.8,1016.57,8.02158,0.016316,187.599,20.267815,3.840439604209696,0.1841209493731049,0.7589041095890411,0.3333333333333333
2020-10-03 08:10:00,12.330000000000002,86.9,1016.49,7.814828,0.050114,181.5124,22.810174,3.895964619765983,-0.7235386864518736,0.7589041095890411,0.3333333333333333
2020-10-03 08:20:00,12.54,86.1,1016.5,6.2681640000000005,0.1236429999999999,175.3374,24.86499,3.4601000582476784,0.2044235698946918,0.7589041095890411,0.3333333333333333
2020-10-03 08:30:00,12.65,85.9,1016.5,5.651884,0.067605,186.2054,25.391042,3.615910130904621,-0.2681117225891579,0.7589041095890411,0.3333333333333333
2020-10-03 08:40:00,12.73,85.5,1016.5,5.67077,0.051278,190.6774,25.545022,4.709218313408174,0.4324404388651786,0.7589041095890411,0.3333333333333333
2020-10-03 08:50:00,12.86,84.8,1016.49,5.652877999999999,0.07578,194.6606,26.080945000000003,4.739072463623796,0.2160763715429477,0.7589041095890411,0.3333333333333333
2020-10-03 09:00:00,13.39,82.8,1016.48,5.728422,0.110786,187.2766,26.736286,3.609351772583002,-0.2933734402738527,0.7589041095890411,0.375
2020-10-03 09:10:00,13.61,80.4,1016.46,5.851678,0.155139,188.4778,26.614911,3.7550382041241432,-0.1396633248711446,0.7589041095890411,0.375
2020-10-03 09:20:00,13.669999999999998,79.3,1016.38,6.22741,0.136458,175.7638,27.143926,4.487350422610502,-0.0182247874369593,0.7589041095890411,0.375
2020-10-03 09:30:00,13.62,78.6,1016.3,5.388474,0.131784,174.118,27.618663,4.383071959792834,0.1756512176224972,0.7589041095890411,0.375
2020-10-03 09:40:00,13.41,79.1,1016.36,5.313924,0.101427,184.9964,26.947561,4.681220439636397,-0.649313703742875,0.7589041095890411,0.375
2020-10-03 09:50:00,13.27,80.3,1016.27,6.543501999999999,0.0664169999999999,192.7184,26.202439,4.257101224859132,0.058185950314761,0.7589041095890411,0.375
2020-10-03 10:00:00,13.15,81.4,1016.12,7.347647999999999,0.075752,194.346,24.907595,5.524233914971562,0.0685026792935257,0.7589041095890411,0.4166666666666667
2020-10-03 10:10:00,13.09,82.0,1016.12,8.30487,0.128265,192.6196,24.515796,3.6374393033001553,-1.394128063920037,0.7589041095890411,0.4166666666666667
2020-10-03 10:20:00,13.06,82.0,1016.14,7.364546,0.130595,193.384,25.533347,3.7448262138758,-1.193569755777442,0.7589041095890411,0.4166666666666667
2020-10-03 10:30:00,13.11,81.8,1016.2,6.6319680000000005,0.162111,194.4578,25.943932,4.570037756334115,-0.4753732271927802,0.7589041095890411,0.4166666666666667
2020-10-03 10:40:00,13.12,81.9,1016.27,8.089172000000001,0.177282,190.8802,24.832654,5.374538678744562,-1.6116174217810226,0.7589041095890411,0.4166666666666667
2020-10-03 10:50:00,12.99,82.4,1016.24,6.892396,0.1550969999999999,191.7486,25.917319,4.913834165998685,-1.2292724958907697,0.7589041095890411,0.4166666666666667
2020-10-03 11:00:00,13.03,82.1,1016.21,5.810924,0.1119,183.3766,26.840124000000003,4.88735455059267,-0.2121158180842151,0.7589041095890411,0.4583333333333333
2020-10-03 11:10:00,13.03,82.0,1016.17,5.985868,0.127069,183.8966,26.819415,4.672612038919791,-0.6471446784199153,0.7589041095890411,0.4583333333333333
2020-10-03 11:20:00,12.95,82.0,1016.17,6.035568,0.093214,173.6812,26.741463,5.475415024991898,-0.8418709562960291,0.7589041095890411,0.4583333333333333
2020-10-03 11:30:00,13.05,81.9,1016.2,8.19553,0.11889,179.76780000000002,24.75082,4.003402533104308,-0.091953073991892,0.7589041095890411,0.4583333333333333
2020-10-03 11:40:00,13.13,80.8,1016.18,8.779008000000001,0.110714,181.0704,24.372839,4.710900033092834,-0.9181315139469944,0.7589041095890411,0.4583333333333333
2020-10-03 11:50:00,13.11,80.6,1016.18,7.316834,0.1200499999999999,174.2298,25.810829,5.376345000734611,-0.2388652493408022,0.7589041095890411,0.4583333333333333
2020-10-03 12:00:00,13.21,80.0,1016.06,6.076321999999999,0.097867,180.8676,26.565855,5.04120555271726,0.0224969189445472,0.7589041095890411,0.5
2020-10-03 12:10:00,13.21,79.0,1016.01,5.945114,0.085018,190.6618,26.911303,5.9719382992731465,-1.1262798648169965,0.7589041095890411,0.5
2020-10-03 12:20:00,13.3,78.1,1015.95,6.35166,0.1235409999999999,191.1922,26.771175,5.407176012759301,-1.265571720089748,0.7589041095890411,0.5
2020-10-03 12:30:00,13.39,77.7,1015.9,5.736374,0.096685,193.8078,27.172877,3.8122733786637184,-0.7441177078372444,0.7589041095890411,0.5
2020-10-03 12:40:00,13.4,76.7,1015.85,6.800948,0.1293679999999999,190.9686,26.884705000000004,3.749447742764322,0.2886964884779298,0.7589041095890411,0.5
2020-10-03 12:50:00,13.55,75.9,1015.73,5.453084,0.131699,179.8796,28.622731,4.062175321711531,0.3429427918585698,0.7589041095890411,0.5
2020-10-03 13:00:00,14.080000000000002,73.2,1015.7,5.901377999999999,0.191232,204.6524,28.366141,3.955692086700587,-0.2744092175825811,0.7589041095890411,0.5416666666666666
2020-10-03 13:10:00,14.31,70.8,1015.66,5.58628,0.19823,186.9594,29.290926,3.872078108161815,-0.7306077640039359,0.7589041095890411,0.5416666666666666
2020-10-03 13:20:00,14.2,71.1,1015.63,5.2711820000000005,0.143361,192.5156,29.52781,4.053081016013396,-0.6824632700145739,0.7589041095890411,0.5416666666666666
2020-10-03 13:30:00,13.91,72.5,1015.49,4.340798,0.10483,183.4988,30.615439,5.150116414481241,-0.8479802260632034,0.7589041095890411,0.5416666666666666
2020-10-03 13:40:00,13.88,72.9,1015.39,4.797044,0.124672,192.0762,30.445704,4.774984717970173,-0.5219371591973505,0.7589041095890411,0.5416666666666666
2020-10-03 13:50:00,13.919999999999998,73.2,1015.3,5.221482,0.177199,196.2128,30.167404,4.8446023660147794,-1.4052034767882997,0.7589041095890411,0.5416666666666666
2020-10-03 14:00:00,13.89,73.4,1015.32,4.531646,0.138672,199.3692,31.148446,5.405338628218986,-1.701898157261467,0.7589041095890411,0.5833333333333334
2020-10-03 14:10:00,13.7,74.0,1015.26,4.698638,0.12933,194.476,30.696443,5.825479408370255,-1.2797621245391309,0.7589041095890411,0.5833333333333334
2020-10-03 14:20:00,13.54,74.6,1015.18,4.9212940000000005,0.112981,194.2316,30.141796,4.645751491130346,-1.1958318916196344,0.7589041095890411,0.5833333333333334
2020-10-03 14:30:00,13.48,76.0,1015.14,5.0892800000000005,0.07798,186.078,30.313546,5.416937599568813,-1.5688915465965332,0.7589041095890411,0.5833333333333334
2020-10-03 14:40:00,13.54,76.3,1015.02,4.679752,0.096626,191.0778,30.287902000000003,4.967772049749657,-1.286131802609206,0.7589041095890411,0.5833333333333334
2020-10-03 14:50:00,13.69,76.2,1014.92,4.956084,0.0966229999999999,181.736,30.128036,4.83014540592317,-1.3446091755937577,0.7589041095890411,0.5833333333333334
2020-10-03 15:00:00,13.63,77.5,1014.94,4.548544000000001,0.075605,181.5202,29.97705,5.875865171718353,-1.303170337954959,0.7589041095890411,0.625
2020-10-03 15:10:00,13.53,78.7,1014.92,5.020694000000001,0.059311,305.9718,29.485570000000003,4.492625567907408,-0.612098505553283,0.7589041095890411,0.625
2020-10-03 15:20:00,13.5,79.0,1014.8,5.046538,0.074486,202.3982,29.75009,5.43953636954488,-1.2755058537408437,0.7589041095890411,0.625
2020-10-03 15:30:00,13.54,78.9,1014.72,4.847738,0.0837929999999999,206.4074,30.231739,5.771656629325212,-1.2139459040086715,0.7589041095890411,0.625
2020-10-03 15:40:00,13.72,78.3,1014.7,4.854696,0.062806,210.5648,30.467637000000003,4.154557957201158,-1.3847691959509152,0.7589041095890411,0.625
2020-10-03 15:50:00,13.830000000000002,76.9,1014.59,5.204584,0.095429,214.3634,29.774817,6.100322768090925,-1.9347213892919028,0.7589041095890411,0.625
2020-10-03 16:00:00,13.820000000000002,76.3,1014.52,4.980934,0.08842,211.5086,29.655414,5.517143957590145,-1.5624185650883893,0.7589041095890411,0.6666666666666666
2020-10-03 16:10:00,13.77,76.4,1014.5,4.838792,0.0756059999999999,205.5442,29.729454,6.1282865454195,-2.318400758185776,0.7589041095890411,0.6666666666666666
2020-10-03 16:20:00,13.7,77.0,1014.48,5.087292,0.079072,197.1566,29.31594,4.606618385271512,-0.9746350195721916,0.7589041095890411,0.6666666666666666
2020-10-03 16:30:00,13.66,77.2,1014.41,5.453084,0.060453,188.1346,28.738594,4.4678677696484455,-0.927747131640487,0.7589041095890411,0.6666666666666666
2020-10-03 16:40:00,13.53,78.1,1014.39,5.436186,0.040601,194.1302,28.281654,5.238123568721009,-0.1056613048652265,0.7589041095890411,0.6666666666666666
2020-10-03 16:50:00,13.580000000000002,77.4,1014.39,6.350666,0.053441,196.6106,27.608571,4.507779937830064,-0.8769798836430448,0.7589041095890411,0.6666666666666666
2020-10-03 17:00:00,13.59,76.8,1014.4,6.375515999999999,0.053437,194.9804,27.958957,4.536221866319529,-0.5381923069573471,0.7589041095890411,0.7083333333333334
2020-10-03 17:10:00,13.65,76.1,1014.36,6.576304,0.074416,189.887,27.626371,4.855288993064713,-0.8587474916200591,0.7589041095890411,0.7083333333333334
2020-10-03 17:20:00,13.73,75.3,1014.29,6.6598,0.079081,195.6434,27.333265,4.763222130368684,-0.5334081994018268,0.7589041095890411,0.7083333333333334
2020-10-03 17:30:00,13.79,74.7,1014.3,7.207494,0.088382,195.8592,27.210901,5.3047123743024445,-0.6651565662725722,0.7589041095890411,0.7083333333333334
2020-10-03 17:40:00,13.87,73.9,1014.3,7.26614,0.095416,198.376,27.049059,5.3989487021601015,-1.0414738904828358,0.7589041095890411,0.7083333333333334
2020-10-03 17:50:00,13.9,74.0,1014.29,7.806876,0.058052,211.2096,26.576326,4.818075400658762,-1.1421971006682097,0.7589041095890411,0.7083333333333334
2020-10-03 18:00:00,13.93,74.0,1014.2,8.037484000000001,0.111718,215.32800000000003,26.088789,4.68041949491913,-1.3386121778252051,0.7589041095890411,0.75
2020-10-03 18:10:00,13.99,74.2,1014.21,8.121974,0.103539,219.0226,25.994061,4.893300760750095,-0.787858788022958,0.7589041095890411,0.75
2020-10-03 18:20:00,14.0,74.1,1014.31,8.336678000000001,0.118713,214.4544,26.119419,5.120835106562681,-1.326968186810213,0.7589041095890411,0.75
2020-10-03 18:30:00,14.14,73.2,1014.22,7.406294,0.154898,206.7324,27.300819,6.766245026449418,-1.017168610596329,0.7589041095890411,0.75
2020-10-03 18:40:00,14.26,72.5,1014.2,6.409312,0.16657,207.0678,28.099279000000003,5.363103905977506,-1.7083014794395552,0.7589041095890411,0.75
2020-10-03 18:50:00,14.25,73.1,1014.16,5.887462,0.121035,204.6784,28.104232000000003,4.408197928303904,-1.567130368121362,0.7589041095890411,0.75
2020-10-03 19:00:00,14.26,73.8,1014.21,5.687668,0.104686,197.9184,28.49903,5.346854661342345,-2.3961022382880968,0.7589041095890411,0.7916666666666666
2020-10-03 19:10:00,14.2,75.4,1014.21,4.705596,0.122194,192.3726,28.717165,5.806728980545574,-1.4357564860127066,0.7589041095890411,0.7916666666666666
2020-10-03 19:20:00,14.22,75.8,1014.22,5.0455440000000005,0.157212,186.611,28.322402,6.047103629805168,-1.89487254496922,0.7589041095890411,0.7916666666666666
2020-10-03 19:30:00,14.169999999999998,76.4,1014.28,4.763248,0.117516,193.6752,28.164506,5.369346019675061,-2.630041192455725,0.7589041095890411,0.7916666666666666
2020-10-03 19:40:00,14.1,77.8,1014.3,4.7393920000000005,0.053381,192.5,28.228676,4.787643163262654,-2.0488676953868064,0.7589041095890411,0.7916666666666666
2020-10-03 19:50:00,14.1,77.9,1014.3,4.089316,0.073186,199.4758,28.545505,4.588748517659317,-1.363657693105205,0.7589041095890411,0.7916666666666666
2020-10-03 20:00:00,14.01,78.8,1014.3,4.041604,0.0347779999999999,206.852,27.956312000000004,5.028808222997098,-1.587081504873862,0.7589041095890411,0.8333333333333334
2020-10-03 20:10:00,14.01,79.0,1014.29,4.804002,0.048701,206.8468,28.013574,4.301726343578768,-1.841325260793558,0.7589041095890411,0.8333333333333334
2020-10-03 20:20:00,14.01,78.9,1014.2,4.255314,0.035939,195.854,28.234668,3.91666523803757,-0.6646996361603464,0.7589041095890411,0.8333333333333334
2020-10-03 20:30:00,14.15,77.7,1014.17,4.098262,0.0463569999999999,194.8712,28.467607,4.728748765833688,-1.7201662185486142,0.7589041095890411,0.8333333333333334
2020-10-03 20:40:00,14.15,77.0,1014.1,4.181758,0.089509,205.3024,28.163643,4.448688524743798,-0.902970591094087,0.7589041095890411,0.8333333333333334
2020-10-03 20:50:00,14.19,76.0,1014.02,3.815966,0.2097099999999999,211.1862,27.921856,4.56901273546275,-0.9746869006793196,0.7589041095890411,0.8333333333333334
2020-10-03 21:00:00,14.12,76.0,1013.91,4.16486,0.227218,212.3796,27.383984,4.82077553528385,-1.99968576391114,0.7589041095890411,0.875
2020-10-03 21:10:00,14.1,75.2,1013.99,3.81696,0.221375,207.814,27.399790000000003,4.813962154472594,-1.8010120468767166,0.7589041095890411,0.875
2020-10-03 21:20:00,14.080000000000002,74.1,1013.99,3.576412,0.29609,198.467,27.551800000000004,3.734871403865912,-1.0929825021952668,0.7589041095890411,0.875
2020-10-03 21:30:00,14.080000000000002,74.0,1014.0,4.5137540000000005,0.254058,211.0666,27.105713,4.638988547263966,-1.7783913495523969,0.7589041095890411,0.875
2020-10-03 21:40:00,14.05,74.0,1014.0,3.433276,0.272732,209.5742,27.639675,5.487380276972242,-1.699692704578505,0.7589041095890411,0.875
2020-10-03 21:50:00,14.0,74.6,1014.0,3.848768,0.258719,218.49740000000003,27.166939000000003,4.550229838101972,-2.109759124918992,0.7589041095890411,0.875
2020-10-03 22:00:00,13.97,75.0,1013.92,4.16486,0.198004,217.50680000000003,26.833365,4.420940319293257,-1.6676047650563397,0.7589041095890411,0.9166666666666666
2020-10-03 22:10:00,13.9,75.9,1013.88,3.907414,0.2563749999999999,211.1758,26.926157,4.448775894386723,-1.164772408225013,0.7589041095890411,0.9166666666666666
2020-10-03 22:20:00,13.9,76.2,1013.8,3.799068,0.294896,214.4362,26.945912,3.95730289644816,-1.6449178932841153,0.7589041095890411,0.9166666666666666
2020-10-03 22:30:00,13.81,77.0,1013.68,4.082358,0.2481939999999999,206.826,26.609376,4.261290337971147,-1.001828856284596,0.7589041095890411,0.9166666666666666
2020-10-03 22:40:00,13.8,77.0,1013.58,4.2245,0.2423509999999999,203.6722,26.367589,4.499534262377123,-0.8421443066559814,0.7589041095890411,0.9166666666666666
2020-10-03 22:50:00,13.78,77.6,1013.54,3.749368,0.2435179999999999,199.3302,26.431759,5.579232758892632,-1.2655476778408734,0.7589041095890411,0.9166666666666666
2020-10-03 23:00:00,13.75,77.6,1013.58,3.367672,0.251683,195.9632,26.429801,4.397252630289703,-0.9098650949143516,0.7589041095890411,0.9583333333333334
2020-10-03 23:10:00,13.7,77.8,1013.57,3.3418280000000005,0.2306659999999999,195.6408,26.264009,4.574335701323767,-1.5597046979578426,0.7589041095890411,0.9583333333333334
2020-10-03 23:20:00,13.69,77.6,1013.51,3.192728,0.2972059999999999,190.849,26.385422,4.464454734401501,-1.7657429686197503,0.7589041095890411,0.9583333333333334
2020-10-03 23:30:00,13.6,78.0,1013.56,3.28517,0.237663,189.2214,26.149556,3.722249910464329,-1.496904619656046,0.7589041095890411,0.9583333333333334
2020-10-03 23:40:00,13.679999999999998,77.3,1013.5,3.3935159999999995,0.2388249999999999,189.9884,25.750842,4.419254479450019,-1.518197851555512,0.7589041095890411,0.9583333333333334
2020-10-03 23:50:00,13.61,77.9,1013.45,3.28517,0.282016,197.2918,25.641304,3.703196201880637,-0.807552992808881,0.7589041095890411,0.9583333333333334